[
  {
    "appcode": "function OnUpdate(doc, meta) {\n    log('document', doc);\n}\nfunction OnDelete(meta) {\n}",
    "appname": "Test",
    "depcfg": {
      "buckets": [
        {
          "alias": "Peter",
          "bucket_name": "travel-sample"
        }
      ],
      "metadata_bucket": "travel-sample",
      "source_bucket": "rentals"
    },
    "id": 0,
    "settings": {
      "dcp_stream_boundary": "everything",
      "deadline_timeout": 62,
      "deployment_status": false,
      "description": "Desc",
      "execution_timeout": 60,
      "log_level": "INFO",
      "processing_status": false,
      "user_prefix": "eventing",
      "worker_count": 3
    }
  }
]